{
  "User Logs In-0" : {
    "transaction" : "User Logs In-0",
    "sampleCount" : 87,
    "errorCount" : 0,
    "errorPct" : 0.0,
    "meanResTime" : 211.55172413793107,
    "medianResTime" : 100.0,
    "minResTime" : 81.0,
    "maxResTime" : 1585.0,
    "pct1ResTime" : 619.6000000000001,
    "pct2ResTime" : 1019.1999999999995,
    "pct3ResTime" : 1585.0,
    "throughput" : 1.4044490362573854,
    "receivedKBytesPerSec" : 0.5650712919316825,
    "sentKBytesPerSec" : 0.8643806198140316
  },
  "User Logs In-1" : {
    "transaction" : "User Logs In-1",
    "sampleCount" : 87,
    "errorCount" : 0,
    "errorPct" : 0.0,
    "meanResTime" : 81.50574712643676,
    "medianResTime" : 8.0,
    "minResTime" : 4.0,
    "maxResTime" : 1385.0,
    "pct1ResTime" : 152.0,
    "pct2ResTime" : 951.1999999999998,
    "pct3ResTime" : 1385.0,
    "throughput" : 1.4072432589812853,
    "receivedKBytesPerSec" : 37.28232653603837,
    "sentKBytesPerSec" : 0.2776007210099801
  },
  "User Logs In" : {
    "transaction" : "User Logs In",
    "sampleCount" : 87,
    "errorCount" : 0,
    "errorPct" : 0.0,
    "meanResTime" : 293.4597701149424,
    "medianResTime" : 109.0,
    "minResTime" : 89.0,
    "maxResTime" : 2553.0,
    "pct1ResTime" : 751.0000000000006,
    "pct2ResTime" : 1801.5999999999983,
    "pct3ResTime" : 2553.0,
    "throughput" : 1.4042903491356349,
    "receivedKBytesPerSec" : 37.76910205619583,
    "sentKBytesPerSec" : 1.1413011678207674
  },
  "Total" : {
    "transaction" : "Total",
    "sampleCount" : 448,
    "errorCount" : 53,
    "errorPct" : 11.830358,
    "meanResTime" : 695.3772321428564,
    "medianResTime" : 109.0,
    "minResTime" : 4.0,
    "maxResTime" : 4373.0,
    "pct1ResTime" : 2326.4,
    "pct2ResTime" : 2636.2,
    "pct3ResTime" : 3525.8799999999983,
    "throughput" : 7.098154163035729,
    "receivedKBytesPerSec" : 274.15529625980355,
    "sentKBytesPerSec" : 3.171124262259368
  },
  "Create a Post" : {
    "transaction" : "Create a Post",
    "sampleCount" : 84,
    "errorCount" : 1,
    "errorPct" : 1.1904762,
    "meanResTime" : 2206.3690476190473,
    "medianResTime" : 2265.0,
    "minResTime" : 1006.0,
    "maxResTime" : 4373.0,
    "pct1ResTime" : 3070.0,
    "pct2ResTime" : 3571.0,
    "pct3ResTime" : 4373.0,
    "throughput" : 1.3340532986055966,
    "receivedKBytesPerSec" : 0.7288624763761395,
    "sentKBytesPerSec" : 0.45858082139567385
  },
  "Comment on Post" : {
    "transaction" : "Comment on Post",
    "sampleCount" : 52,
    "errorCount" : 52,
    "errorPct" : 100.0,
    "meanResTime" : 91.34615384615384,
    "medianResTime" : 11.0,
    "minResTime" : 7.0,
    "maxResTime" : 1345.0,
    "pct1ResTime" : 96.10000000000021,
    "pct2ResTime" : 1001.1499999999996,
    "pct3ResTime" : 1345.0,
    "throughput" : 0.8744786761738195,
    "receivedKBytesPerSec" : 0.41247382870308086,
    "sentKBytesPerSec" : 0.32536755431857933
  },
  "Get All Posts" : {
    "transaction" : "Get All Posts",
    "sampleCount" : 51,
    "errorCount" : 0,
    "errorPct" : 0.0,
    "meanResTime" : 1380.7254901960782,
    "medianResTime" : 1337.0,
    "minResTime" : 756.0,
    "maxResTime" : 2399.0,
    "pct1ResTime" : 2048.6,
    "pct2ResTime" : 2298.7999999999997,
    "pct3ResTime" : 2399.0,
    "throughput" : 0.8430866891489784,
    "receivedKBytesPerSec" : 207.51623794262053,
    "sentKBytesPerSec" : 0.17372196426800238
  }
}