{
  "User Logs In-0" : {
    "transaction" : "User Logs In-0",
    "sampleCount" : 106,
    "errorCount" : 0,
    "errorPct" : 0.0,
    "meanResTime" : 154.22641509433961,
    "medianResTime" : 100.0,
    "minResTime" : 79.0,
    "maxResTime" : 799.0,
    "pct1ResTime" : 316.19999999999993,
    "pct2ResTime" : 575.8999999999997,
    "pct3ResTime" : 797.3899999999999,
    "throughput" : 1.7242501138655735,
    "receivedKBytesPerSec" : 0.6937412567506018,
    "sentKBytesPerSec" : 1.06094502326111
  },
  "User Logs In-1" : {
    "transaction" : "User Logs In-1",
    "sampleCount" : 106,
    "errorCount" : 0,
    "errorPct" : 0.0,
    "meanResTime" : 70.68867924528301,
    "medianResTime" : 9.0,
    "minResTime" : 5.0,
    "maxResTime" : 963.0,
    "pct1ResTime" : 222.69999999999982,
    "pct2ResTime" : 632.4999999999998,
    "pct3ResTime" : 959.1499999999996,
    "throughput" : 1.7277350371626026,
    "receivedKBytesPerSec" : 45.77316779607837,
    "sentKBytesPerSec" : 0.34082273194027907
  },
  "User Logs In" : {
    "transaction" : "User Logs In",
    "sampleCount" : 106,
    "errorCount" : 0,
    "errorPct" : 0.0,
    "meanResTime" : 225.21698113207555,
    "medianResTime" : 111.0,
    "minResTime" : 86.0,
    "maxResTime" : 1762.0,
    "pct1ResTime" : 492.8999999999995,
    "pct2ResTime" : 1191.8999999999999,
    "pct3ResTime" : 1737.2199999999975,
    "throughput" : 1.7239977230218753,
    "receivedKBytesPerSec" : 46.36779422826706,
    "sentKBytesPerSec" : 1.4008752134666993
  },
  "Total" : {
    "transaction" : "Total",
    "sampleCount" : 590,
    "errorCount" : 85,
    "errorPct" : 14.406779,
    "meanResTime" : 497.04576271186477,
    "medianResTime" : 110.5,
    "minResTime" : 5.0,
    "maxResTime" : 2761.0,
    "pct1ResTime" : 1552.3999999999999,
    "pct2ResTime" : 1967.7999999999997,
    "pct3ResTime" : 2475.620000000001,
    "throughput" : 9.355426940458258,
    "receivedKBytesPerSec" : 316.4474246561088,
    "sentKBytesPerSec" : 4.070654409141362
  },
  "Create a Post" : {
    "transaction" : "Create a Post",
    "sampleCount" : 105,
    "errorCount" : 1,
    "errorPct" : 0.95238096,
    "meanResTime" : 1546.885714285715,
    "medianResTime" : 1597.0,
    "minResTime" : 712.0,
    "maxResTime" : 2761.0,
    "pct1ResTime" : 2352.2000000000003,
    "pct2ResTime" : 2486.6,
    "pct3ResTime" : 2752.72,
    "throughput" : 1.6871264220065558,
    "receivedKBytesPerSec" : 0.9183478513239925,
    "sentKBytesPerSec" : 0.5799497075647535
  },
  "Comment on Post" : {
    "transaction" : "Comment on Post",
    "sampleCount" : 84,
    "errorCount" : 84,
    "errorPct" : 100.0,
    "meanResTime" : 25.83333333333334,
    "medianResTime" : 11.0,
    "minResTime" : 7.0,
    "maxResTime" : 433.0,
    "pct1ResTime" : 53.5,
    "pct2ResTime" : 116.75,
    "pct3ResTime" : 433.0,
    "throughput" : 1.3691485200156475,
    "receivedKBytesPerSec" : 0.6457995460620681,
    "sentKBytesPerSec" : 0.5094195177011345
  },
  "Get All Posts" : {
    "transaction" : "Get All Posts",
    "sampleCount" : 83,
    "errorCount" : 0,
    "errorPct" : 0.0,
    "meanResTime" : 975.3012048192768,
    "medianResTime" : 897.0,
    "minResTime" : 516.0,
    "maxResTime" : 1603.0,
    "pct1ResTime" : 1493.6000000000001,
    "pct2ResTime" : 1545.6,
    "pct3ResTime" : 1603.0,
    "throughput" : 1.3387096774193548,
    "receivedKBytesPerSec" : 228.35699659778226,
    "sentKBytesPerSec" : 0.27584740423387094
  }
}