{
  "User Logs In-0" : {
    "transaction" : "User Logs In-0",
    "sampleCount" : 94,
    "errorCount" : 0,
    "errorPct" : 0.0,
    "meanResTime" : 159.42553191489364,
    "medianResTime" : 100.0,
    "minResTime" : 79.0,
    "maxResTime" : 1156.0,
    "pct1ResTime" : 304.0,
    "pct2ResTime" : 720.5,
    "pct3ResTime" : 1156.0,
    "throughput" : 1.532667003636008,
    "receivedKBytesPerSec" : 0.616658989744175,
    "sentKBytesPerSec" : 0.9447964732353947
  },
  "User Logs In-1" : {
    "transaction" : "User Logs In-1",
    "sampleCount" : 94,
    "errorCount" : 0,
    "errorPct" : 0.0,
    "meanResTime" : 86.01063829787235,
    "medianResTime" : 9.0,
    "minResTime" : 5.0,
    "maxResTime" : 1361.0,
    "pct1ResTime" : 312.0,
    "pct2ResTime" : 502.75,
    "pct3ResTime" : 1361.0,
    "throughput" : 1.535721870966688,
    "receivedKBytesPerSec" : 40.686131481889916,
    "sentKBytesPerSec" : 0.302945134702413
  },
  "User Logs In" : {
    "transaction" : "User Logs In",
    "sampleCount" : 94,
    "errorCount" : 0,
    "errorPct" : 0.0,
    "meanResTime" : 245.8297872340425,
    "medianResTime" : 109.0,
    "minResTime" : 87.0,
    "maxResTime" : 2083.0,
    "pct1ResTime" : 608.0,
    "pct2ResTime" : 1203.0,
    "pct3ResTime" : 2083.0,
    "throughput" : 1.5324421258558851,
    "receivedKBytesPerSec" : 41.215809168161066,
    "sentKBytesPerSec" : 1.246956003423541
  },
  "Total" : {
    "transaction" : "Total",
    "sampleCount" : 500,
    "errorCount" : 64,
    "errorPct" : 12.8,
    "meanResTime" : 594.0579999999998,
    "medianResTime" : 113.0,
    "minResTime" : 5.0,
    "maxResTime" : 3309.0,
    "pct1ResTime" : 1999.1000000000004,
    "pct2ResTime" : 2358.9,
    "pct3ResTime" : 2952.6900000000023,
    "throughput" : 7.911517587303596,
    "receivedKBytesPerSec" : 291.97642627355657,
    "sentKBytesPerSec" : 3.497709739275938
  },
  "Create a Post" : {
    "transaction" : "Create a Post",
    "sampleCount" : 91,
    "errorCount" : 0,
    "errorPct" : 0.0,
    "meanResTime" : 1899.9230769230771,
    "medianResTime" : 2053.0,
    "minResTime" : 909.0,
    "maxResTime" : 3309.0,
    "pct1ResTime" : 2658.7999999999997,
    "pct2ResTime" : 2987.399999999999,
    "pct3ResTime" : 3309.0,
    "throughput" : 1.4630930752287088,
    "receivedKBytesPerSec" : 0.7987002236844221,
    "sentKBytesPerSec" : 0.5029382446098686
  },
  "Comment on Post" : {
    "transaction" : "Comment on Post",
    "sampleCount" : 64,
    "errorCount" : 64,
    "errorPct" : 100.0,
    "meanResTime" : 50.375,
    "medianResTime" : 10.0,
    "minResTime" : 8.0,
    "maxResTime" : 1171.0,
    "pct1ResTime" : 81.5,
    "pct2ResTime" : 207.75,
    "pct3ResTime" : 1171.0,
    "throughput" : 1.046897747534065,
    "receivedKBytesPerSec" : 0.49380040240132167,
    "sentKBytesPerSec" : 0.38951957208054566
  },
  "Get All Posts" : {
    "transaction" : "Get All Posts",
    "sampleCount" : 63,
    "errorCount" : 0,
    "errorPct" : 0.0,
    "meanResTime" : 1186.2380952380952,
    "medianResTime" : 1128.0,
    "minResTime" : 709.0,
    "maxResTime" : 2062.0,
    "pct1ResTime" : 1700.6000000000001,
    "pct2ResTime" : 1895.9999999999998,
    "pct3ResTime" : 2062.0,
    "throughput" : 1.01681784434617,
    "receivedKBytesPerSec" : 214.92621513767392,
    "sentKBytesPerSec" : 0.2095200831611737
  }
}