{
  "User Logs In-0" : {
    "transaction" : "User Logs In-0",
    "sampleCount" : 87,
    "errorCount" : 0,
    "errorPct" : 0.0,
    "meanResTime" : 179.66666666666666,
    "medianResTime" : 106.0,
    "minResTime" : 80.0,
    "maxResTime" : 1092.0,
    "pct1ResTime" : 384.60000000000014,
    "pct2ResTime" : 607.3999999999991,
    "pct3ResTime" : 1092.0,
    "throughput" : 1.4183472179200833,
    "receivedKBytesPerSec" : 0.5706631384600336,
    "sentKBytesPerSec" : 0.8737622576990169
  },
  "User Logs In-1" : {
    "transaction" : "User Logs In-1",
    "sampleCount" : 87,
    "errorCount" : 0,
    "errorPct" : 0.0,
    "meanResTime" : 119.41379310344827,
    "medianResTime" : 9.0,
    "minResTime" : 5.0,
    "maxResTime" : 1647.0,
    "pct1ResTime" : 370.20000000000005,
    "pct2ResTime" : 789.4,
    "pct3ResTime" : 1647.0,
    "throughput" : 1.4214292716400352,
    "receivedKBytesPerSec" : 37.65815889679933,
    "sentKBytesPerSec" : 0.28039913366336633
  },
  "User Logs In" : {
    "transaction" : "User Logs In",
    "sampleCount" : 87,
    "errorCount" : 0,
    "errorPct" : 0.0,
    "meanResTime" : 299.390804597701,
    "medianResTime" : 116.0,
    "minResTime" : 88.0,
    "maxResTime" : 1987.0,
    "pct1ResTime" : 823.4000000000002,
    "pct2ResTime" : 1685.599999999999,
    "pct3ResTime" : 1987.0,
    "throughput" : 1.4182084929497105,
    "receivedKBytesPerSec" : 38.143437601882795,
    "sentKBytesPerSec" : 1.1534405819545195
  },
  "Total" : {
    "transaction" : "Total",
    "sampleCount" : 458,
    "errorCount" : 55,
    "errorPct" : 12.008734,
    "meanResTime" : 696.4213973799126,
    "medianResTime" : 128.0,
    "minResTime" : 5.0,
    "maxResTime" : 3631.0,
    "pct1ResTime" : 2390.1000000000004,
    "pct2ResTime" : 2843.8499999999985,
    "pct3ResTime" : 3319.599999999998,
    "throughput" : 7.227736834630012,
    "receivedKBytesPerSec" : 273.85583744792245,
    "sentKBytesPerSec" : 3.2070123250272227
  },
  "Create a Post" : {
    "transaction" : "Create a Post",
    "sampleCount" : 87,
    "errorCount" : 0,
    "errorPct" : 0.0,
    "meanResTime" : 2193.44827586207,
    "medianResTime" : 2417.0,
    "minResTime" : 943.0,
    "maxResTime" : 3631.0,
    "pct1ResTime" : 3142.8,
    "pct2ResTime" : 3330.9999999999995,
    "pct3ResTime" : 3631.0,
    "throughput" : 1.3955055098407199,
    "receivedKBytesPerSec" : 0.7618042773446898,
    "sentKBytesPerSec" : 0.4797050190077474
  },
  "Comment on Post" : {
    "transaction" : "Comment on Post",
    "sampleCount" : 55,
    "errorCount" : 55,
    "errorPct" : 100.0,
    "meanResTime" : 47.03636363636363,
    "medianResTime" : 11.0,
    "minResTime" : 7.0,
    "maxResTime" : 838.0,
    "pct1ResTime" : 85.39999999999998,
    "pct2ResTime" : 314.7999999999988,
    "pct3ResTime" : 838.0,
    "throughput" : 0.8975195822454308,
    "receivedKBytesPerSec" : 0.4233417560786553,
    "sentKBytesPerSec" : 0.3339403914409269
  },
  "Get All Posts" : {
    "transaction" : "Get All Posts",
    "sampleCount" : 55,
    "errorCount" : 0,
    "errorPct" : 0.0,
    "meanResTime" : 1335.9454545454544,
    "medianResTime" : 1267.0,
    "minResTime" : 770.0,
    "maxResTime" : 2350.0,
    "pct1ResTime" : 1961.9999999999998,
    "pct2ResTime" : 2095.1999999999994,
    "pct3ResTime" : 2350.0,
    "throughput" : 0.8854116359187353,
    "receivedKBytesPerSec" : 202.84247634039247,
    "sentKBytesPerSec" : 0.18244321794809878
  }
}